species,Female,Male
Adelie,3368.8356164383563,4043.4931506849316
Chinstrap,3527.205882352941,3938.970588235294
Gentoo,4679.741379310345,5484.836065573771
